"Underlying Name","Expiration Date","Strike Price","Call-Price","Call-Change in Price (%)","Call-Probability of Profit","Call-Open Interest","Call-Volume","Call-Implied Volatility","Greeks: Call Delta","Greeks: Call Theta","Greeks: Call Vega","Greeks: Call Gamma","Greeks: Call Rho","Put-Price","Put-Change in Price (%)","Put-Probability of Profit","Put-Open Interest","Put-Volume","Put-Implied Volatility","Put-Call Ratio","Greeks: Put Delta","Greeks: Put Theta","Greeks: Put Vega","Greeks: Put Gamma","Greeks: Put Rho"
"NIFTY","19-06-2025","22800.0","1995.7","-0.64","0.0","2850.0","4350","0.0","1.0","0.0","0.0","0.0","","0.05","-83.33","0.0","2665350.0","63670050","500.0","935.2105","0.0","0.0","0.0","0.0"
"NIFTY","19-06-2025","22850.0","1958.0","-0.53","0.0","900.0","750","0.0","1.0","0.0","0.0","0.0","","0.05","-83.33","0.0","739950.0","18983775","500.0","822.1667","0.0","0.0","0.0","0.0"
"NIFTY","19-06-2025","22900.0","1895.9","-1.16","0.0","675.0","1275","0.0","1.0","0.0","0.0","0.0","","0.05","-85.71","0.0","954150.0","21523200","500.0","1413.5556","0.0","0.0","0.0","0.0"
"NIFTY","19-06-2025","22950.0","1756.55","0.0","99.0","225.0","0","0.0","1.0","0.0","0.0","0.0","","0.05","-85.71","0.0","295575.0","12425625","500.0","1313.6667","0.0","0.0","0.0","0.0"
"NIFTY","19-06-2025","23000.0","1797.4","-0.25","0.0","6900.0","45375","0.0","1.0","0.0","0.0","0.0","","0.05","-88.89","0.0","1794975.0","33000600","500.0","260.1413","0.0","0.0","0.0","0.0"
"NIFTY","19-06-2025","23050.0","1838.95","11.0","0.0","225.0","75","0.0","1.0","0.0","0.0","0.0","","0.05","-87.5","0.0","454050.0","11394600","500.0","2018.0","0.0","0.0","0.0","0.0"
"NIFTY","19-06-2025","23100.0","1695.75","-1.13","0.0","1350.0","1275","0.0","1.0","0.0","0.0","0.0","","0.05","-90.91","0.0","350400.0","12633900","500.0","259.5556","0.0","0.0","0.0","0.0"
"NIFTY","19-06-2025","23150.0","1517.1","-1.27","99.0","375.0","0","0.0","1.0","0.0","0.0","0.0","","0.05","-90.91","0.0","378675.0","11088825","500.0","1009.8","0.0","0.0","0.0","0.0"
"NIFTY","19-06-2025","23200.0","1643.0","0.0","0.0","675.0","0","0.0","1.0","0.0","0.0","0.0","","0.05","-91.67","0.0","684975.0","15207600","500.0","1014.7778","0.0","0.0","0.0","0.0"
"NIFTY","19-06-2025","23250.0","1560.0","-13.33","0.0","450.0","150","0.0","1.0","0.0","0.0","0.0","","0.05","-92.31","0.0","195750.0","13443750","500.0","435.0","0.0","0.0","0.0","0.0"
"NIFTY","19-06-2025","23300.0","1494.55","0.31","0.0","825.0","2175","0.0","1.0","0.0","0.0","0.0","","0.05","-92.31","0.0","748500.0","18799425","500.0","907.2727","0.0","0.0","0.0","0.0"
"NIFTY","19-06-2025","23350.0","1444.1","12.1","0.0","1275.0","825","0.0","1.0","0.0","0.0","0.0","","0.05","-92.86","0.0","353925.0","13140825","500.0","277.5882","0.0","0.0","0.0","0.0"
"NIFTY","19-06-2025","23400.0","1394.75","-0.02","0.0","1200.0","600","0.0","1.0","0.0","0.0","0.0","","0.05","-93.33","0.0","1812525.0","38295975","500.0","1510.4375","0.0","0.0","0.0","0.0"
"NIFTY","19-06-2025","23450.0","1521.9","0.0","0.0","750.0","0","0.0","1.0","0.0","0.0","0.0","","0.05","-94.12","0.0","485775.0","19009125","500.0","647.7","0.0","0.0","0.0","0.0"
"NIFTY","19-06-2025","23500.0","1294.0","-0.09","0.0","9375.0","15150","0.0","1.0","0.0","0.0","0.0","","0.05","-94.74","0.0","3858225.0","67085250","500.0","411.544","0.0","0.0","0.0","0.0"
"NIFTY","19-06-2025","23550.0","1244.15","-4.3","0.0","2100.0","3150","0.0","1.0","0.0","0.0","0.0","","0.05","-95.0","0.0","2249250.0","50540850","500.0","1071.0714","0.0","0.0","0.0","0.0"
"NIFTY","19-06-2025","23600.0","1194.25","-0.02","0.0","1875.0","3375","0.0","1.0","0.0","0.0","0.0","","0.1","-90.91","0.0","3497250.0","50310975","0.0","1865.2","0.0","0.0","0.0","0.0"
"NIFTY","19-06-2025","23650.0","1145.15","-13.51","0.0","1200.0","750","0.0","1.0","0.0","0.0","0.0","","0.05","-96.0","0.0","611625.0","28949100","500.0","509.6875","0.0","0.0","0.0","0.0"
"NIFTY","19-06-2025","23700.0","1094.35","-1.13","0.0","1800.0","5925","0.0","1.0","0.0","0.0","0.0","","0.05","-96.15","0.0","1796475.0","66571125","500.0","998.0417","0.0","0.0","0.0","0.0"
"NIFTY","19-06-2025","23750.0","1107.75","0.0","0.0","525.0","0","0.0","1.0","0.0","0.0","0.0","","0.05","-96.67","0.0","889875.0","45773325","500.0","1695.0","0.0","0.0","0.0","0.0"
"NIFTY","19-06-2025","23800.0","993.7","-0.98","0.0","5550.0","13125","0.0","1.0","0.0","0.0","0.0","","0.1","-93.75","0.0","5225250.0","90396450","500.0","941.4865","0.0","0.0","0.0","0.0"
"NIFTY","19-06-2025","23850.0","944.7","-0.14","0.0","1650.0","1800","0.0","1.0","0.0","0.0","0.0","","0.05","-97.14","0.0","1428225.0","62954850","500.0","865.5909","0.0","0.0","0.0","0.0"
"NIFTY","19-06-2025","23900.0","895.6","2.91","0.0","7275.0","15825","0.0","1.0","0.0","0.0","0.0","","0.05","-97.56","0.0","3196200.0","102828825","500.0","439.3402","0.0","0.0","0.0","0.0"
"NIFTY","19-06-2025","23950.0","846.55","-2.87","0.0","4425.0","5175","0.0","1.0","0.0","0.0","0.0","","0.05","-97.78","0.0","1919625.0","69059025","500.0","433.8136","0.0","0.0","0.0","0.0"
"NIFTY","19-06-2025","24000.0","794.2","-0.8","0.0","40500.0","421275","0.0","1.0","0.0","0.0","0.0","","0.05","-98.08","0.0","7831800.0","231976500","500.0","193.3778","0.0","0.0","0.0","0.0"
"NIFTY","19-06-2025","24050.0","744.45","-2.45","0.0","1425.0","5550","0.0","1.0","0.0","0.0","0.0","","0.05","-98.21","0.0","1391325.0","88512075","500.0","976.3684","0.0","0.0","0.0","0.0"
"NIFTY","19-06-2025","24100.0","693.0","-0.69","0.0","13125.0","21900","0.0","1.0","0.0","0.0","0.0","","0.05","-98.36","0.0","3830550.0","123191925","500.0","291.8514","0.0","0.0","0.0","0.0"
"NIFTY","19-06-2025","24150.0","643.75","-1.01","0.0","9900.0","6075","0.0","1.0","0.0","0.0","0.0","","0.05","-98.59","0.0","1456350.0","77894100","500.0","147.1061","0.0","0.0","0.0","0.0"
"NIFTY","19-06-2025","24200.0","593.5","-0.95","0.0","15900.0","112200","0.0","1.0","0.0","0.0","0.0","","0.05","-98.8","0.0","5804700.0","136703775","500.0","365.0755","0.0","0.0","0.0","0.0"
"NIFTY","19-06-2025","24250.0","543.85","-2.88","0.0","9000.0","30975","0.0","1.0","0.0","0.0","0.0","","0.05","-99.01","0.0","2416350.0","95157225","500.0","268.4833","0.0","0.0","0.0","0.0"
"NIFTY","19-06-2025","24300.0","492.6","-2.15","0.0","27525.0","247200","0.0","1.0","0.0","0.0","0.0","","0.05","-99.2","0.0","5457225.0","180622800","500.0","198.2643","0.0","0.0","0.0","0.0"
"NIFTY","19-06-2025","24350.0","443.05","-2.63","0.0","17025.0","137025","0.0","1.0","0.0","0.0","0.0","","0.05","-99.36","0.0","3214875.0","127232175","500.0","188.8326","0.0","0.0","0.0","0.0"
"NIFTY","19-06-2025","24400.0","392.7","-4.38","0.0","42825.0","753000","0.0","1.0","0.0","0.0","0.0","","0.05","-99.49","0.0","6119925.0","161647350","0.0","142.9054","0.0","0.0","0.0","0.0"
"NIFTY","19-06-2025","24450.0","343.65","-5.66","0.0","27600.0","537600","0.0","1.0","0.0","0.0","0.0","","0.05","-99.61","0.0","5167200.0","143483325","0.0","187.2174","0.0","0.0","0.0","0.0"
"NIFTY","19-06-2025","24500.0","293.65","-7.42","0.0","289125.0","6781125","0.0","1.0","0.0","0.0","0.0","","0.05","-99.69","0.0","8187300.0","259478475","500.0","28.3175","0.0","0.0","0.0","0.0"
"NIFTY","19-06-2025","24550.0","242.8","-9.72","0.0","107325.0","2974275","0.0","1.0","0.0","0.0","0.0","","0.1","-99.52","0.0","5069625.0","185512800","500.0","47.2362","0.0","0.0","0.0","0.0"
"NIFTY","19-06-2025","24600.0","193.4","-14.44","0.0","584025.0","20878200","0.0","1.0","0.0","0.0","0.0","","0.05","-99.81","0.0","7053900.0","318737175","500.0","12.0781","0.0","-0.093","0.0","0.0"
"NIFTY","19-06-2025","24650.0","143.3","-22.5","0.0","370500.0","27788625","0.0","1.0","0.0","0.0","0.0","","0.05","-99.86","0.02","5484300.0","324044700","500.0","14.8024","-2.0E-4","-532.6146","0.0","0.0"
"NIFTY","19-06-2025","24700.0","93.35","-36.13","0.0","1390575.0","131268150","0.0","1.0","0.0","0.0","0.0","","0.05","-99.89","0.04","8674950.0","605010375","250.0","6.2384","-4.0E-4","-609.7281","1.0E-4","1.0E-4"
"NIFTY","19-06-2025","24750.0","43.2","-61.36","0.0","3725475.0","308684475","0.0","0.0","0.0","0.0","0.0","","0.05","-99.92","99.0","1.1590875E7","903649575","0.0","3.1112","-1.0","0.0","0.0","0.0"
"NIFTY","19-06-2025","24800.0","0.05","-99.94","0.0","2.4726375E7","2068339500","250.0","0.0","-12.5008","0.0","0.0","","6.75","-91.78","99.0","3.7211175E7","2883222975","0.0","1.5049","-1.0","0.0","0.0","0.0"
"NIFTY","19-06-2025","24850.0","0.05","-99.92","0.0","2.19369E7","2153792025","500.0","0.0","-70.5141","0.0","0.0","","56.55","-48.5","99.0","9542475.0","1010427900","0.0","0.435","-1.0","0.0","0.0","0.0"
"NIFTY","19-06-2025","24900.0","0.05","-99.88","0.0","1.2488325E7","990143700","0.0","0.0","0.0","0.0","0.0","","106.8","-25.16","99.0","3060750.0","305639925","0.0","0.2451","-1.0","0.0","0.0","0.0"
"NIFTY","19-06-2025","24950.0","0.05","-99.84","0.0","4788300.0","430013325","500.0","0.0","0.0","0.0","0.0","","156.45","-13.52","99.0","654525.0","56190300","0.0","0.1367","-1.0","0.0","0.0","0.0"
"NIFTY","19-06-2025","25000.0","0.05","-99.77","0.0","8925675.0","512734200","500.0","0.0","0.0","0.0","0.0","","206.15","-7.22","99.0","832425.0","52074450","0.0","0.0933","-1.0","0.0","0.0","0.0"
"NIFTY","19-06-2025","25050.0","0.1","-99.36","0.0","5666625.0","274290600","0.0","0.0","0.0","0.0","0.0","","256.9","-3.58","99.0","146100.0","6164325","0.0","0.0258","-1.0","0.0","0.0","0.0"
"NIFTY","19-06-2025","25100.0","0.05","-99.55","0.0","8536350.0","290793525","500.0","0.0","0.0","0.0","0.0","","306.0","-2.14","99.0","474075.0","5833350","0.0","0.0555","-1.0","0.0","0.0","0.0"
"NIFTY","19-06-2025","25150.0","0.05","-99.38","0.0","5039550.0","186057600","500.0","0.0","0.0","0.0","0.0","","356.65","-1.18","99.0","175575.0","891675","0.0","0.0348","-1.0","0.0","0.0","0.0"
"NIFTY","19-06-2025","25200.0","0.05","-99.15","0.0","7756050.0","270034875","500.0","0.0","0.0","0.0","0.0","","407.1","0.01","99.0","345825.0","2240625","0.0","0.0446","-1.0","0.0","0.0","0.0"
"NIFTY","19-06-2025","25250.0","0.1","-97.67","0.0","3885750.0","140166375","500.0","0.0","0.0","0.0","0.0","","455.75","1.58","99.0","95625.0","267075","0.0","0.0246","-1.0","0.0","0.0","0.0"
"NIFTY","19-06-2025","25300.0","0.05","-98.39","0.0","7035675.0","221537025","500.0","0.0","0.0","0.0","0.0","","505.8","0.61","99.0","78600.0","485100","0.0","0.0112","-1.0","0.0","0.0","0.0"
"NIFTY","19-06-2025","25350.0","0.05","-97.92","0.0","2499900.0","125525550","500.0","0.0","0.0","0.0","0.0","","554.45","0.3","99.0","27825.0","73875","0.0","0.0111","-1.0","0.0","0.0","0.0"
"NIFTY","19-06-2025","25400.0","0.05","-97.5","0.0","5758725.0","155809425","500.0","0.0","0.0","0.0","0.0","","606.8","0.07","99.0","124875.0","179925","0.0","0.0217","-1.0","0.0","0.0","0.0"
"NIFTY","19-06-2025","25450.0","0.05","-97.06","0.0","2650950.0","100633950","500.0","0.0","0.0","0.0","0.0","","656.6","-0.02","99.0","15375.0","34350","0.0","0.0058","-1.0","0.0","0.0","0.0"
"NIFTY","19-06-2025","25500.0","0.05","-96.88","0.0","1.005495E7","217760325","500.0","0.0","0.0","0.0","0.0","","705.45","0.32","99.0","118575.0","314925","0.0","0.0118","-1.0","0.0","0.0","0.0"
"NIFTY","19-06-2025","25550.0","0.05","-96.55","0.0","2147250.0","88453575","500.0","0.0","0.0","0.0","0.0","","756.4","0.13","99.0","13275.0","11025","0.0","0.0062","-1.0","0.0","0.0","0.0"
"NIFTY","19-06-2025","25600.0","0.05","-96.15","0.0","5202300.0","107998800","500.0","0.0","0.0","0.0","0.0","","805.0","0.8","99.0","16275.0","53025","0.0","0.0031","-1.0","0.0","0.0","0.0"
"NIFTY","19-06-2025","25650.0","0.05","-95.83","0.0","1339875.0","47269650","500.0","0.0","0.0","0.0","0.0","","854.05","-0.09","99.0","5325.0","10200","0.0","0.004","-1.0","0.0","0.0","0.0"
"NIFTY","19-06-2025","25700.0","0.05","-95.65","0.0","3898125.0","75461400","500.0","0.0","0.0","0.0","0.0","","907.05","0.9","99.0","14925.0","30525","0.0","0.0038","-1.0","0.0","0.0","0.0"
"NIFTY","19-06-2025","25750.0","0.05","-95.24","0.0","1140450.0","36623700","500.0","0.0","0.0","0.0","0.0","","951.6","-0.78","99.0","4200.0","6600","0.0","0.0037","-1.0","0.0","0.0","0.0"
"NIFTY","19-06-2025","25800.0","0.05","-95.24","0.0","4043100.0","82874400","500.0","0.0","0.0","0.0","0.0","","1006.5","0.13","99.0","13350.0","21000","0.0","0.0033","-1.0","0.0","0.0","0.0"
"NIFTY","19-06-2025","25850.0","0.05","-95.0","0.0","860025.0","32237400","500.0","0.0","0.0","0.0","0.0","","1052.35","3.29","99.0","8925.0","9675","0.0","0.0104","-1.0","0.0","0.0","0.0"
"NIFTY","19-06-2025","25900.0","0.05","-94.74","0.0","1377825.0","47913525","500.0","0.0","0.0","0.0","0.0","","1106.9","-0.73","99.0","10350.0","12525","0.0","0.0075","-1.0","0.0","0.0","0.0"
"NIFTY","19-06-2025","25950.0","0.05","-94.44","0.0","670200.0","27808200","500.0","0.0","0.0","0.0","0.0","","1151.95","-0.04","99.0","3825.0","10725","0.0","0.0057","-1.0","0.0","0.0","0.0"
"NIFTY","19-06-2025","26000.0","0.05","-94.44","0.0","5387025.0","88916550","500.0","0.0","0.0","0.0","0.0","","1205.35","0.45","99.0","13050.0","48450","0.0","0.0024","-1.0","0.0","0.0","0.0"
"NIFTY","19-06-2025","26050.0","0.05","-94.12","0.0","1128075.0","32887575","500.0","0.0","0.0","0.0","0.0","","1362.75","-0.25","0.0","975.0","0","0.0","9.0E-4","-1.0","0.0","0.0","0.0"
"NIFTY","19-06-2025","26100.0","0.05","-93.75","0.0","1655100.0","32164125","500.0","0.0","0.0","0.0","0.0","","1302.8","2.42","99.0","5100.0","10050","0.0","0.0031","-1.0","0.0","0.0","0.0"
"NIFTY","19-06-2025","26150.0","0.05","-93.75","0.0","496500.0","12668400","500.0","0.0","0.0","0.0","0.0","","1351.55","12.18","99.0","450.0","2400","0.0","9.0E-4","-1.0","0.0","0.0","0.0"
"NIFTY","19-06-2025","26200.0","0.05","-93.33","0.0","1013700.0","26673000","500.0","0.0","0.0","0.0","0.0","","1402.7","-0.98","99.0","2325.0","4650","0.0","0.0023","-1.0","0.0","0.0","0.0"
"NIFTY","19-06-2025","26250.0","0.05","-93.75","0.0","547725.0","12976500","500.0","0.0","0.0","0.0","0.0","","1451.45","13.0","99.0","1575.0","2700","0.0","0.0029","-1.0","0.0","0.0","0.0"
"NIFTY","19-06-2025","26300.0","0.05","-93.75","0.0","670800.0","13571100","500.0","0.0","0.0","0.0","0.0","","1504.55","-6.82","99.0","1200.0","225","0.0","0.0018","-1.0","0.0","0.0","0.0"
"NIFTY","19-06-2025","26350.0","0.05","-93.75","0.0","300975.0","9097725","500.0","0.0","0.0","0.0","0.0","","1555.05","-6.61","99.0","1575.0","3150","0.0","0.0052","-1.0","0.0","0.0","0.0"
"NIFTY","19-06-2025","26400.0","0.05","-93.75","0.0","490725.0","13896600","500.0","0.0","0.0","0.0","0.0","","1620.0","8.0","99.0","1425.0","75","0.0","0.0029","-1.0","0.0","0.0","0.0"
"NIFTY","19-06-2025","26450.0","0.05","-93.75","0.0","324900.0","7226250","500.0","0.0","0.0","0.0","0.0","","1652.9","-12.31","99.0","1200.0","900","0.0","0.0037","-1.0","0.0","0.0","0.0"
"NIFTY","19-06-2025","26500.0","0.05","-93.75","0.0","2476200.0","40357425","500.0","0.0","0.0","0.0","0.0","","1707.0","0.2","99.0","4200.0","5850","0.0","0.0017","-1.0","0.0","0.0","0.0"
"NIFTY","19-06-2025","26550.0","0.05","-93.75","0.0","463200.0","9521100","500.0","0.0","0.0","0.0","0.0","","1750.9","-5.89","99.0","825.0","900","0.0","0.0018","-1.0","0.0","0.0","0.0"
"NIFTY","19-06-2025","26600.0","0.05","-93.33","0.0","778350.0","18610875","500.0","0.0","0.0","0.0","0.0","","1844.45","9.96","99.0","750.0","900","0.0","0.001","-1.0","0.0","0.0","0.0"
"NIFTY","19-06-2025","26650.0","0.05","-93.33","0.0","348375.0","8557725","500.0","0.0","0.0","0.0","0.0","","1891.0","-0.26","99.0","750.0","450","0.0","0.0022","-1.0","0.0","0.0","0.0"
"NIFTY","19-06-2025","26700.0","0.05","-93.33","0.0","1155750.0","12222225","500.0","0.0","0.0","0.0","0.0","","1840.0","0.0","99.0","450.0","0","0.0","4.0E-4","-1.0","0.0","0.0","0.0"
"NIFTY","19-06-2025","26750.0","0.05","-93.33","0.0","853200.0","11468400","500.0","0.0","0.0","0.0","0.0","","1959.05","7.75","99.0","1275.0","1875","0.0","0.0015","-1.0","0.0","0.0","0.0"
"NIFTY","19-06-2025","26800.0","0.05","-93.33","0.0","3006450.0","51793575","500.0","0.0","0.0","0.0","0.0","","2016.75","0.0","99.0","2925.0","0","0.0","0.001","-1.0","0.0","0.0","0.0"
"NIFTY","19-06-2025","26850.0","0.05","-93.33","0.0","1906575.0","29430525","0.0","0.0","0.0","0.0","0.0","","1922.25","0.0","99.0","150.0","0","0.0","1.0E-4","-1.0","0.0","0.0","0.0"
"NIFTY","19-06-2025","26900.0","0.05","-92.86","0.0","5551125.0","54229050","500.0","0.0","0.0","0.0","0.0","","2100.0","2.73","99.0","1200.0","2175","0.0","2.0E-4","-1.0","0.0","0.0","0.0"
